subject_id,n_trials,accuracy
3,44,0.4772727272727273
5,45,0.4666666666666667
19,45,0.6888888888888889
22,43,0.46511627906976744
25,45,0.8
26,45,0.6444444444444445
28,41,0.5121951219512195
34,45,0.8
43,41,0.7073170731707317
51,45,0.6444444444444445
52,37,0.8108108108108109
53,44,0.5227272727272727
57,43,0.5813953488372093
60,45,0.6444444444444445
62,45,0.8444444444444444
72,45,0.8444444444444444
82,44,0.5227272727272727
93,45,0.8222222222222222
98,45,0.5333333333333333
100,35,0.5428571428571428
