subject_id,n_trials,accuracy
3,37,0.5405405405405406
5,8,0.375
19,30,0.5
22,19,0.5263157894736842
25,45,0.7333333333333333
26,44,0.6136363636363636
28,1,1.0
34,45,0.8888888888888888
43,14,0.5714285714285714
51,45,0.6
52,6,0.8333333333333334
53,7,1.0
57,21,0.7142857142857143
60,6,0.6666666666666666
62,45,0.7111111111111111
72,45,0.8444444444444444
82,32,0.4375
93,45,0.7555555555555555
98,45,0.5333333333333333
