subject_id,n_trials,accuracy
3,45,0.4
5,45,0.4222222222222222
19,45,0.6666666666666666
22,45,0.5333333333333333
25,45,0.6888888888888889
26,45,0.6666666666666666
28,45,0.5111111111111111
34,45,0.9111111111111111
43,45,0.8
51,45,0.4666666666666667
52,45,0.7555555555555555
53,45,0.5111111111111111
57,45,0.5111111111111111
60,45,0.8666666666666667
62,45,0.8888888888888888
72,45,0.9111111111111111
82,45,0.5333333333333333
93,45,0.8444444444444444
98,45,0.4444444444444444
100,36,0.5833333333333334
